{
    "velocities": [
        -3.4121695082027976,
        -6.824554932625013,
        -10.237850779499658,
        -13.6509354846196,
        -17.06336093161059,
        -20.471121755769413,
        -23.88501364798773,
        -27.30433403749416,
        -30.7207879063268,
        -34.121877469140095,
        -37.53141209960297,
        -40.9489961419481
    ],
    "intensities_std": [
        0.18311243328323315,
        0.187533658879728,
        0.21236315566535074,
        0.28105213186169564,
        0.3638344459012182,
        0.5335937085713144,
        0.6389214948229889,
        0.9284447624411939,
        1.0432386334844175,
        1.560147466793445,
        1.4120693849335735,
        2.075535626001884
    ],
    "velocities_std": [
        0.14489564803913885,
        0.12160559736002967,
        0.11792007625558881,
        0.1391748512997074,
        0.1437118621134034,
        0.15086001839185512,
        0.18820911950823035,
        0.21776715638227392,
        0.2049390704876942,
        0.227025297906265,
        0.2073145073516913,
        0.36962054875896033
    ],
    "a": 0.05651973552639991,
    "b": 1.0875613214864253
}