{
    "velocities": [
        -3.4131318421539003,
        -6.825291518567895,
        -10.235453080804414,
        -13.647720409250189,
        -17.059243895968454,
        -20.473035534966563,
        -23.885975200013778,
        -27.299204483423267,
        -30.70959353775562,
        -34.12389353978015,
        -37.539720093584044,
        -40.31614969667087,
        -43.05072026543655
    ],
    "intensities_std": [
        0.3189242567582075,
        0.6439382942516751,
        0.6333561570994258,
        0.6723625093811607,
        0.6534935524053814,
        0.7224324734239292,
        0.8116124338671254,
        1.0532807705888074,
        1.1240853340444623,
        1.6428424185752302,
        1.4422977533628334,
        2.2712644428290885,
        2.564576979914713
    ],
    "velocities_std": [
        0.15890002927971816,
        0.2919853668120776,
        0.2588566578487991,
        0.19979624041730495,
        0.1888732226614335,
        0.20505021959167202,
        0.2419878419254406,
        0.2878692375460531,
        0.2923843259419282,
        0.3190076362138282,
        0.3273148411130423,
        0.38783138509707044,
        0.39911529950743857
    ],
    "a": 0.19483370030561692,
    "b": 2.517670315420316
}