{
    "velocities": [
        -3.4123896628864365,
        -6.823475531269763,
        -10.235010744590234,
        -13.648227169566894,
        -17.061631189090633,
        -20.47760564930501,
        -23.886034983079075,
        -27.30167534775249,
        -30.70592108100009,
        -34.12458760693233,
        -37.539284611921,
        -40.94120913344914
    ],
    "intensities_std": [
        0.18504869366732601,
        0.18040004561274464,
        0.21048279980126627,
        0.2716968499998153,
        0.3574053716576325,
        0.527519439307864,
        0.6197824425410143,
        0.9201933799278003,
        1.0457696392739992,
        1.6170590382037173,
        1.3789959725356447,
        2.009044110931159
    ],
    "velocities_std": [
        0.1627553117521026,
        0.10472010730253321,
        0.1120183647242364,
        0.12617343248040824,
        0.14355871092305986,
        0.15036449578869204,
        0.15631255571472757,
        0.19754824337495822,
        0.17948322897881377,
        0.19088344955464104,
        0.20264665390783718,
        0.38415466304259477
    ],
    "a": 0.04892395040994347,
    "b": 1.0157003238159605
}