{
    "velocities": [
        -3.4122947257249763,
        -6.825006860481938,
        -10.238273648260948,
        -13.651301161413352,
        -17.063185445069447,
        -20.475610864104105,
        -23.8888449746979,
        -27.300071102317013,
        -30.71372027157043,
        -34.12789496733372,
        -37.54037633430527,
        -40.955089894315165
    ],
    "intensities_std": [
        0.2208736286540598,
        0.22807247964490554,
        0.30704565826013497,
        0.3211250403209993,
        0.39397329761149125,
        0.5693886055632087,
        0.6937546112360465,
        0.9903805238413066,
        1.0729209878044244,
        1.562140967389249,
        1.3685302540860678,
        2.0224120512064334
    ],
    "velocities_std": [
        0.13571116224010635,
        0.14283492009058515,
        0.21004419096417162,
        0.19164749313483445,
        0.1559303600236407,
        0.14901243153649268,
        0.1689725634084108,
        0.2060416304565691,
        0.19381139269424097,
        0.22386149754375761,
        0.22413923670366878,
        0.3640467352272724
    ],
    "a": 0.1223547649293402,
    "b": 1.6190083488141043
}