{
    "velocities": [
        -3.4126778307158743,
        -6.823725593082668,
        -10.23750268395414,
        -13.650760427263458,
        -17.06491538017027,
        -20.477396532146432,
        -23.88639135840322,
        -27.303663151284002,
        -30.707168174368594,
        -34.13344826309183,
        -37.544105193827626,
        -40.942522948940855
    ],
    "intensities_std": [
        0.20018342983745457,
        0.17955567669673272,
        0.2134997427687467,
        0.2655619622139137,
        0.3476182566914793,
        0.5210104978328366,
        0.5617469793859872,
        0.8717163503416356,
        1.036202590148378,
        1.560986389624314,
        1.3818801642761775,
        1.9686330620998214
    ],
    "velocities_std": [
        0.22083991379312792,
        0.10508787921939915,
        0.10989697305512404,
        0.11519432771257837,
        0.13071221460865895,
        0.14486091445928367,
        0.13364660430486577,
        0.19317633038210588,
        0.1534370840317438,
        0.17940358090886516,
        0.18660607191495165,
        0.3513860430631813
    ],
    "a": 0.04115635809031276,
    "b": 0.8785364704740983
}