{
    "velocities": [
        -3.4124769054438486,
        -6.825273832449391,
        -10.237663557592567,
        -13.650054780278111,
        -17.061859206410613,
        -20.474653689169614,
        -23.887637180609374,
        -27.30001380348773,
        -30.713970353620937,
        -34.12433227930313,
        -37.53718291705637,
        -40.94872058013526
    ],
    "intensities_std": [
        0.20722168177758726,
        0.20328868232157235,
        0.2384488114258002,
        0.3013598439045397,
        0.39776098987596525,
        0.542224024924887,
        0.663479777329414,
        0.9671075741813547,
        1.0678230460936728,
        1.6448125676914274,
        1.4322365713063254,
        2.094336799602215
    ],
    "velocities_std": [
        0.13692546070039555,
        0.12679425223290602,
        0.1476552712374031,
        0.15523431730900583,
        0.18242578102937793,
        0.19299044985143615,
        0.17760162727004347,
        0.1931767949559949,
        0.1707174088035144,
        0.1876724911736178,
        0.1987595743580701,
        0.33865624253706494
    ],
    "a": 0.0851339004401859,
    "b": 1.3342928731568007
}