{
    "velocities": [
        -3.4120407462220586,
        -6.825516923704728,
        -10.238383447830685,
        -13.64796277595554,
        -17.064630128195486,
        -20.476294325933317,
        -23.88442265500885,
        -27.30425639813553,
        -30.715214906702542,
        -34.1235301245941,
        -37.53436877080029,
        -40.94614917954288
    ],
    "intensities_std": [
        0.20134716162186858,
        0.1702650221351979,
        0.20586088855711746,
        0.26082112876762414,
        0.34875508223431334,
        0.519981824014429,
        0.5900712039616689,
        0.9144900400963688,
        1.009164603613374,
        1.518491570633324,
        1.3814229696799087,
        1.9581028206099105
    ],
    "velocities_std": [
        0.23798876502463326,
        0.1133226039405681,
        0.10196502625161918,
        0.11067510954684111,
        0.1207289251362517,
        0.13436317626303587,
        0.13875809498665231,
        0.16727527052278335,
        0.13259369373451754,
        0.1849650389184444,
        0.1643218331395464,
        0.40623457670842267
    ],
    "a": 0.03380779858882961,
    "b": 0.8872093238163651
}