{
    "resisting_current": [
        0.8954272809866313,
        0.9941797054153148,
        0.9048841063683825,
        0.9060093312205484,
        0.7057312314221464,
        0.6866197291622187,
        0.7454528253107706,
        0.6997664841374316,
        0.6611407640181026,
        0.616612426886823,
        0.5811924598505341,
        0.5129422210958056,
        0.4261136143889498,
        -0.4281034167697079,
        -0.49457755449905316,
        -0.5461431578928683,
        -0.6249193510576471,
        -0.6885213966478143,
        -0.6822115220935829,
        -0.7772157087876665,
        -0.7541875371068556,
        -0.7817688620154513,
        -0.8572939918935298,
        -0.7449773322534925,
        -0.8651139598488807,
        -0.9928272118610618
    ],
    "motor_velocity": [
        -44.355761966189824,
        -40.95105008381169,
        -37.538868092778905,
        -34.12105007299641,
        -30.712071822464832,
        -27.296262241302326,
        -23.884710891224515,
        -20.47373001129029,
        -17.060657546633767,
        -13.649662994445963,
        -10.237974250219702,
        -6.824421758292823,
        -3.4111231088961365,
        3.4120930637470677,
        6.825912942263213,
        10.236453927865549,
        13.649472038060019,
        17.063189636124136,
        20.480023470791902,
        23.878684011319788,
        27.305247522169545,
        30.709960913658144,
        34.12274304707845,
        37.530613760911784,
        40.96416665649414,
        44.35518068971887
    ]
}